{
  "Matrix_3000": [
    [32496.711712725566, 0.0, 1734.5242659467344],
    [0.0, 32535.746862601714, 1529.9190608439628],
    [0.0, 0.0, 1.0]
  ],
  "Coeffs_3000": [
    -12.179942261102948, 296.5151127295539, 0.01769078563352507,
    -0.08133542425690382, 1.1848142136842608
  ],
  "Matrix_1500": [
    [25795.548909748555, 0.0, 686.6541437350486],
    [0.0, 25800.379936849415, 824.144008293167],
    [0.0, 0.0, 1.0]
  ],
  "Coeffs_1500": [
    -32.05268777310819, 2521.411049776186, -0.03996092095458863,
    0.06814315060093115, 4.013535803259616
  ],
  "Matrix_1000": [
    [19985.133007483306, 0.0, 528.9050071145448],
    [0.0, 19992.591456530063, 485.4081596993531],
    [0.0, 0.0, 1.0]
  ],
  "Coeffs_1000": [
    -40.85361568317635, 1633.8466631639812, 0.07771399552774197,
    -0.06761371171905543, 1.3797482065075937
  ]
}
